<?xml version="1.0" encoding="UTF-8" standalone="yes"?>
<addon id="plugin.audio.pasink" name="Pulse-Audio Sink Setter" version="2.0.0"
	provider-name="Heckie">
	<extension point="xbmc.python.pluginsource" library="addon.py">
		<provides>audio</provides>
	</extension>
	<extension point="xbmc.addon.metadata">
		<summary lang="en_gb">Pulse-audio sink-setter with bluez
			and combined-sink support</summary>
		<description lang="en_gb">Pulse-audio sink-setter with bluez 
			and combined-sink support</description>
		<disclaimer lang="en_gb"></disclaimer>
		<language></language>
		<platform>linux</platform>
		<license></license>
		<forum></forum>
		<website></website>
		<email></email>
		<source></source>
		<news>v2.0.0 (2020-02-20)
		- Migration to Kodi v19 alias Matrix
		</news>
		<assets>
			<icon>icon.png</icon>
			<screenshot>resources/assets/screen_1_info.png</screenshot>
			<screenshot>resources/assets/screen_2_hdmi.png</screenshot>
			<screenshot>resources/assets/screen_3_usb.png</screenshot>
			<screenshot>resources/assets/screen_4_bluez.png</screenshot>
			<screenshot>resources/assets/screen_5_combine.png</screenshot>
			<screenshot>resources/assets/screen_6_settings.png</screenshot>
			<screenshot>resources/assets/screen_7_aliases.png</screenshot>
		</assets>
	</extension>
</addon>
