<?xml version="1.0" encoding="UTF-8" standalone="yes"?>
<addon id="plugin.audio.pasink" name="Pulse-Audio Sink Setter" version="0.0.1"
	provider-name="Heckie">
	<requires>
		<import addon="xbmc.python" version="2.25.0" />
		<import addon="xmbc.gui" version="5.12.0" />
		<import addon="xmbc.json" version="7.0.0" />
		<import addon="xmbc.metadata" version="2.1.0" />
		<import addon="xmbc.addon" version="17.0.0" />
	</requires>
	<extension point="xbmc.python.pluginsource" library="addon.py">
		<provides>audio</provides>
	</extension>
	<extension point="xbmc.addon.metadata">
		<summary lang="en_gb">Pulse-audio sink-setter with bluez
			and combined-sink support</summary>
		<description lang="en_gb">Pulse-audio sink-setter with bluez 
			and combined-sink support</description>
		<disclaimer lang="en_gb"></disclaimer>
		<language></language>
		<platform>linux</platform>
		<license></license>
		<forum></forum>
		<website></website>
		<email></email>
		<source></source>
		<news>v0.0.1 (2017-12-10)
		- development starts
		</news>
		<assets>
			<icon>icon.png</icon>
			<screenshot>resources/assets/screen_1_info.png</screenshot>
			<screenshot>resources/assets/screen_2_hdmi.png</screenshot>
			<screenshot>resources/assets/screen_3_usb.png</screenshot>
			<screenshot>resources/assets/screen_4_bluez.png</screenshot>
			<screenshot>resources/assets/screen_5_combine.png</screenshot>
			<screenshot>resources/assets/screen_6_settings.png</screenshot>
			<screenshot>resources/assets/screen_7_aliases.png</screenshot>
		</assets>
	</extension>
</addon>